Invoice_ID,Invoice_Month,Invoice_Date,Due_Date,Vendor,Invoice_Amount,Status,Payment_Date,Year,Quarter,Days_to_Pay,Outstanding_Amount,Paid_Amount
INV-10001,2023-01,2023-01-04,2023-02-03,Abrippo,63994.02,Paid,2023-01-31,2023,2023Q1,27.0,0.0,63994.02
INV-10002,2023-01,2023-01-06,2023-02-20,Bopendous,40909.39,Paid,2023-03-13,2023,2023Q1,66.0,0.0,40909.39
INV-10003,2023-01,2023-01-08,2023-02-07,Chabnar,78605.33,Paid,2023-02-05,2023,2023Q1,28.0,0.0,78605.33
INV-10004,2023-01,2023-01-04,2023-02-03,Daptis,38170.07,Paid,2023-02-03,2023,2023Q1,30.0,0.0,38170.07
INV-10005,2023-02,2023-02-03,2023-03-05,Abrippo,67019.39,Paid,2023-03-17,2023,2023Q1,42.0,0.0,67019.39
INV-10006,2023-02,2023-02-08,2023-03-10,Bopendous,52358.21,Paid,2023-04-18,2023,2023Q1,69.0,0.0,52358.21
INV-10007,2023-02,2023-02-02,2023-03-19,Chabnar,97802.7,Paid,2023-04-06,2023,2023Q1,63.0,0.0,97802.7
INV-10008,2023-02,2023-02-08,2023-03-10,Daptis,28572.44,Paid,2023-04-16,2023,2023Q1,67.0,0.0,28572.44
INV-10009,2023-03,2023-03-05,2023-05-04,Abrippo,66474.32,Paid,2023-06-16,2023,2023Q1,103.0,0.0,66474.32
INV-10010,2023-03,2023-03-06,2023-05-05,Bopendous,36124.3,Outstanding,,2023,2023Q1,,36124.3,0.0
INV-10011,2023-03,2023-03-07,2023-04-21,Chabnar,52755.9,Paid,2023-05-16,2023,2023Q1,70.0,0.0,52755.9
INV-10012,2023-03,2023-03-06,2023-05-05,Daptis,38230.99,Paid,2023-05-17,2023,2023Q1,72.0,0.0,38230.99
INV-10013,2023-04,2023-04-08,2023-06-07,Abrippo,60131.99,Paid,2023-06-24,2023,2023Q2,77.0,0.0,60131.99
INV-10014,2023-04,2023-04-07,2023-05-22,Bopendous,39130.02,Outstanding,,2023,2023Q2,,39130.02,0.0
INV-10015,2023-04,2023-04-06,2023-06-05,Chabnar,71894.26,Paid,2023-06-26,2023,2023Q2,81.0,0.0,71894.26
INV-10016,2023-04,2023-04-03,2023-06-02,Daptis,36910.79,Paid,2023-06-07,2023,2023Q2,65.0,0.0,36910.79
INV-10017,2023-05,2023-05-02,2023-06-16,Abrippo,53391.24,Outstanding,,2023,2023Q2,,53391.24,0.0
INV-10018,2023-05,2023-05-02,2023-06-16,Bopendous,37369.64,Paid,2023-06-30,2023,2023Q2,59.0,0.0,37369.64
INV-10019,2023-05,2023-05-08,2023-07-07,Chabnar,77512.71,Paid,2023-08-16,2023,2023Q2,100.0,0.0,77512.71
INV-10020,2023-05,2023-05-04,2023-07-03,Daptis,28874.21,Paid,2023-08-04,2023,2023Q2,92.0,0.0,28874.21
INV-10021,2023-06,2023-06-03,2023-07-18,Abrippo,55812.24,Paid,2023-08-08,2023,2023Q2,66.0,0.0,55812.24
INV-10022,2023-06,2023-06-07,2023-08-06,Bopendous,54573.94,Paid,2023-08-28,2023,2023Q2,82.0,0.0,54573.94
INV-10023,2023-06,2023-06-08,2023-07-08,Chabnar,68004.38,Paid,2023-07-04,2023,2023Q2,26.0,0.0,68004.38
INV-10024,2023-06,2023-06-06,2023-08-05,Daptis,12846.01,Outstanding,,2023,2023Q2,,12846.01,0.0
INV-10025,2023-07,2023-07-04,2023-08-03,Abrippo,66284.37,Paid,2023-08-20,2023,2023Q3,47.0,0.0,66284.37
INV-10026,2023-07,2023-07-06,2023-08-05,Bopendous,42648.94,Paid,2023-09-01,2023,2023Q3,57.0,0.0,42648.94
INV-10027,2023-07,2023-07-03,2023-08-02,Chabnar,84038.21,Paid,2023-08-26,2023,2023Q3,54.0,0.0,84038.21
INV-10028,2023-07,2023-07-01,2023-08-30,Daptis,43947.86,Outstanding,,2023,2023Q3,,43947.86,0.0
INV-10029,2023-08,2023-08-04,2023-09-18,Abrippo,86329.42,Paid,2023-10-10,2023,2023Q3,67.0,0.0,86329.42
INV-10030,2023-08,2023-08-04,2023-10-03,Bopendous,46282.97,Paid,2023-11-07,2023,2023Q3,95.0,0.0,46282.97
INV-10031,2023-08,2023-08-05,2023-10-04,Chabnar,99055.56,Paid,2023-09-27,2023,2023Q3,53.0,0.0,99055.56
INV-10032,2023-08,2023-08-03,2023-10-02,Daptis,40375.86,Paid,2023-11-08,2023,2023Q3,97.0,0.0,40375.86
INV-10033,2023-09,2023-09-06,2023-11-05,Abrippo,63638.58,Paid,2023-11-03,2023,2023Q3,58.0,0.0,63638.58
INV-10034,2023-09,2023-09-01,2023-10-01,Bopendous,55590.01,Paid,2023-10-10,2023,2023Q3,39.0,0.0,55590.01
INV-10035,2023-09,2023-09-08,2023-11-07,Chabnar,102314.8,Paid,2023-11-13,2023,2023Q3,66.0,0.0,102314.8
INV-10036,2023-09,2023-09-02,2023-10-02,Daptis,30763.44,Paid,2023-11-15,2023,2023Q3,74.0,0.0,30763.44
INV-10037,2023-10,2023-10-04,2023-11-18,Abrippo,44018.93,Paid,2023-12-24,2023,2023Q4,81.0,0.0,44018.93
INV-10038,2023-10,2023-10-04,2023-11-03,Bopendous,53377.26,Paid,2023-11-03,2023,2023Q4,30.0,0.0,53377.26
INV-10039,2023-10,2023-10-08,2023-12-07,Chabnar,87908.17,Paid,2023-12-29,2023,2023Q4,82.0,0.0,87908.17
INV-10040,2023-10,2023-10-04,2023-11-18,Daptis,60979.11,Paid,2023-12-22,2023,2023Q4,79.0,0.0,60979.11
INV-10041,2023-11,2023-11-04,2023-12-19,Abrippo,79431.71,Paid,2023-12-19,2023,2023Q4,45.0,0.0,79431.71
INV-10042,2023-11,2023-11-08,2023-12-23,Bopendous,57267.55,Paid,2024-01-17,2023,2023Q4,70.0,0.0,57267.55
INV-10043,2023-11,2023-11-08,2023-12-08,Chabnar,78710.57,Paid,2023-12-29,2023,2023Q4,51.0,0.0,78710.57
INV-10044,2023-11,2023-11-08,2023-12-23,Daptis,47962.61,Paid,2024-01-31,2023,2023Q4,84.0,0.0,47962.61
INV-10045,2023-12,2023-12-02,2024-01-01,Abrippo,107143.1,Paid,2024-02-13,2023,2023Q4,73.0,0.0,107143.1
INV-10046,2023-12,2023-12-01,2024-01-15,Bopendous,76803.52,Paid,2024-01-13,2023,2023Q4,43.0,0.0,76803.52
INV-10047,2023-12,2023-12-03,2024-01-17,Chabnar,87672.6,Paid,2024-02-29,2023,2023Q4,88.0,0.0,87672.6
INV-10048,2023-12,2023-12-03,2024-01-17,Daptis,31410.33,Paid,2024-01-13,2023,2023Q4,41.0,0.0,31410.33
INV-10049,2024-01,2024-01-04,2024-02-18,Abrippo,86839.61,Paid,2024-03-05,2024,2024Q1,61.0,0.0,86839.61
INV-10050,2024-01,2024-01-08,2024-02-22,Bopendous,56017.03,Paid,2024-04-04,2024,2024Q1,87.0,0.0,56017.03
INV-10051,2024-01,2024-01-05,2024-02-19,Chabnar,124084.95,Paid,2024-02-22,2024,2024Q1,48.0,0.0,124084.95
INV-10052,2024-01,2024-01-01,2024-01-31,Daptis,31227.85,Outstanding,,2024,2024Q1,,31227.85,0.0
INV-10053,2024-02,2024-02-08,2024-04-08,Abrippo,72000.84,Paid,2024-05-10,2024,2024Q1,92.0,0.0,72000.84
INV-10054,2024-02,2024-02-04,2024-03-05,Bopendous,75547.71,Outstanding,,2024,2024Q1,,75547.71,0.0
INV-10055,2024-02,2024-02-01,2024-04-01,Chabnar,126595.16,Paid,2024-04-22,2024,2024Q1,81.0,0.0,126595.16
INV-10056,2024-02,2024-02-08,2024-03-24,Daptis,38097.64,Paid,2024-05-06,2024,2024Q1,88.0,0.0,38097.64
INV-10057,2024-03,2024-03-08,2024-04-22,Abrippo,95874.61,Paid,2024-05-08,2024,2024Q1,61.0,0.0,95874.61
INV-10058,2024-03,2024-03-06,2024-04-05,Bopendous,66809.0,Paid,2024-05-05,2024,2024Q1,60.0,0.0,66809.0
INV-10059,2024-03,2024-03-04,2024-04-03,Chabnar,114976.0,Paid,2024-04-06,2024,2024Q1,33.0,0.0,114976.0
INV-10060,2024-03,2024-03-01,2024-04-30,Daptis,54953.4,Paid,2024-05-08,2024,2024Q1,68.0,0.0,54953.4
INV-10061,2024-04,2024-04-05,2024-05-20,Abrippo,88542.99,Paid,2024-06-19,2024,2024Q2,75.0,0.0,88542.99
INV-10062,2024-04,2024-04-08,2024-05-08,Bopendous,33309.82,Paid,2024-06-14,2024,2024Q2,67.0,0.0,33309.82
INV-10063,2024-04,2024-04-07,2024-06-06,Chabnar,117465.86,Paid,2024-07-21,2024,2024Q2,105.0,0.0,117465.86
INV-10064,2024-04,2024-04-05,2024-05-05,Daptis,58084.35,Paid,2024-05-25,2024,2024Q2,50.0,0.0,58084.35
INV-10065,2024-05,2024-05-04,2024-07-03,Abrippo,86007.43,Paid,2024-06-28,2024,2024Q2,55.0,0.0,86007.43
INV-10066,2024-05,2024-05-01,2024-05-31,Bopendous,42904.5,Paid,2024-05-31,2024,2024Q2,30.0,0.0,42904.5
INV-10067,2024-05,2024-05-02,2024-06-16,Chabnar,101305.2,Paid,2024-07-04,2024,2024Q2,63.0,0.0,101305.2
INV-10068,2024-05,2024-05-06,2024-07-05,Daptis,54039.21,Paid,2024-07-22,2024,2024Q2,77.0,0.0,54039.21
INV-10069,2024-06,2024-06-04,2024-07-04,Abrippo,81863.11,Paid,2024-06-26,2024,2024Q2,22.0,0.0,81863.11
INV-10070,2024-06,2024-06-05,2024-07-20,Bopendous,91427.07,Paid,2024-07-29,2024,2024Q2,54.0,0.0,91427.07
INV-10071,2024-06,2024-06-05,2024-08-04,Chabnar,160066.76,Outstanding,,2024,2024Q2,,160066.76,0.0
INV-10072,2024-06,2024-06-06,2024-07-06,Daptis,52263.81,Paid,2024-08-05,2024,2024Q2,60.0,0.0,52263.81
INV-10073,2024-07,2024-07-05,2024-09-03,Abrippo,72573.49,Paid,2024-09-02,2024,2024Q3,59.0,0.0,72573.49
INV-10074,2024-07,2024-07-08,2024-08-07,Bopendous,34103.34,Paid,2024-08-09,2024,2024Q3,32.0,0.0,34103.34
INV-10075,2024-07,2024-07-01,2024-08-30,Chabnar,110600.61,Paid,2024-09-15,2024,2024Q3,76.0,0.0,110600.61
INV-10076,2024-07,2024-07-04,2024-09-02,Daptis,59670.22,Paid,2024-09-10,2024,2024Q3,68.0,0.0,59670.22
INV-10077,2024-08,2024-08-07,2024-10-06,Abrippo,113708.52,Paid,2024-10-09,2024,2024Q3,63.0,0.0,113708.52
INV-10078,2024-08,2024-08-06,2024-09-05,Bopendous,53106.65,Outstanding,,2024,2024Q3,,53106.65,0.0
INV-10079,2024-08,2024-08-07,2024-09-21,Chabnar,110380.49,Outstanding,,2024,2024Q3,,110380.49,0.0
INV-10080,2024-08,2024-08-03,2024-10-02,Daptis,68566.54,Paid,2024-10-04,2024,2024Q3,62.0,0.0,68566.54
INV-10081,2024-09,2024-09-08,2024-11-07,Abrippo,115452.52,Paid,2024-12-12,2024,2024Q3,95.0,0.0,115452.52
INV-10082,2024-09,2024-09-04,2024-10-19,Bopendous,82220.98,Paid,2024-11-13,2024,2024Q3,70.0,0.0,82220.98
INV-10083,2024-09,2024-09-04,2024-11-03,Chabnar,117828.81,Paid,2024-12-04,2024,2024Q3,91.0,0.0,117828.81
INV-10084,2024-09,2024-09-08,2024-10-23,Daptis,58192.15,Outstanding,,2024,2024Q3,,58192.15,0.0
INV-10085,2024-10,2024-10-01,2024-11-15,Abrippo,115043.25,Paid,2024-12-25,2024,2024Q4,85.0,0.0,115043.25
INV-10086,2024-10,2024-10-07,2024-12-06,Bopendous,111572.98,Paid,2024-12-14,2024,2024Q4,68.0,0.0,111572.98
INV-10087,2024-10,2024-10-07,2024-11-21,Chabnar,96728.25,Paid,2024-12-27,2024,2024Q4,81.0,0.0,96728.25
INV-10088,2024-10,2024-10-02,2024-12-01,Daptis,79843.6,Paid,2024-12-27,2024,2024Q4,86.0,0.0,79843.6
INV-10089,2024-11,2024-11-04,2024-12-19,Abrippo,78289.15,Paid,2024-12-11,2024,2024Q4,37.0,0.0,78289.15
INV-10090,2024-11,2024-11-01,2024-12-01,Bopendous,45141.27,Paid,2025-01-06,2024,2024Q4,66.0,0.0,45141.27
INV-10091,2024-11,2024-11-02,2024-12-02,Chabnar,180691.88,Paid,2024-12-03,2024,2024Q4,31.0,0.0,180691.88
INV-10092,2024-11,2024-11-08,2024-12-23,Daptis,47063.59,Paid,2024-12-30,2024,2024Q4,52.0,0.0,47063.59
INV-10093,2024-12,2024-12-07,2025-01-21,Abrippo,128736.98,Paid,2025-02-27,2024,2024Q4,82.0,0.0,128736.98
INV-10094,2024-12,2024-12-05,2025-01-04,Bopendous,116618.29,Paid,2025-01-31,2024,2024Q4,57.0,0.0,116618.29
INV-10095,2024-12,2024-12-04,2025-01-18,Chabnar,151092.27,Outstanding,,2024,2024Q4,,151092.27,0.0
INV-10096,2024-12,2024-12-01,2024-12-31,Daptis,64766.45,Paid,2025-01-26,2024,2024Q4,56.0,0.0,64766.45
INV-10097,2025-01,2025-01-01,2025-02-15,Abrippo,119192.67,Paid,2025-03-27,2025,2025Q1,85.0,0.0,119192.67
INV-10098,2025-01,2025-01-08,2025-03-09,Bopendous,77996.27,Paid,2025-04-16,2025,2025Q1,98.0,0.0,77996.27
INV-10099,2025-01,2025-01-05,2025-02-19,Chabnar,157046.29,Paid,2025-02-22,2025,2025Q1,48.0,0.0,157046.29
INV-10100,2025-01,2025-01-02,2025-02-16,Daptis,59818.75,Paid,2025-03-18,2025,2025Q1,75.0,0.0,59818.75
INV-10101,2025-02,2025-02-08,2025-04-09,Abrippo,134006.53,Paid,2025-04-06,2025,2025Q1,57.0,0.0,134006.53
INV-10102,2025-02,2025-02-04,2025-03-21,Bopendous,82556.06,Paid,2025-04-05,2025,2025Q1,60.0,0.0,82556.06
INV-10103,2025-02,2025-02-02,2025-04-03,Chabnar,165462.79,Paid,2025-05-01,2025,2025Q1,88.0,0.0,165462.79
INV-10104,2025-02,2025-02-08,2025-03-10,Daptis,48494.93,Paid,2025-03-28,2025,2025Q1,48.0,0.0,48494.93
INV-10105,2025-03,2025-03-05,2025-04-04,Abrippo,141659.1,Paid,2025-05-02,2025,2025Q1,58.0,0.0,141659.1
INV-10106,2025-03,2025-03-05,2025-04-19,Bopendous,91306.97,Paid,2025-04-23,2025,2025Q1,49.0,0.0,91306.97
INV-10107,2025-03,2025-03-01,2025-04-15,Chabnar,132659.65,Paid,2025-04-24,2025,2025Q1,54.0,0.0,132659.65
INV-10108,2025-03,2025-03-02,2025-04-16,Daptis,38630.75,Paid,2025-05-31,2025,2025Q1,90.0,0.0,38630.75
INV-10109,2025-04,2025-04-02,2025-05-17,Abrippo,92982.75,Paid,2025-06-22,2025,2025Q2,81.0,0.0,92982.75
INV-10110,2025-04,2025-04-03,2025-05-03,Bopendous,88906.16,Paid,2025-05-11,2025,2025Q2,38.0,0.0,88906.16
INV-10111,2025-04,2025-04-03,2025-05-03,Chabnar,112607.51,Paid,2025-06-08,2025,2025Q2,66.0,0.0,112607.51
INV-10112,2025-04,2025-04-05,2025-05-05,Daptis,48929.21,Outstanding,,2025,2025Q2,,48929.21,0.0
INV-10113,2025-05,2025-05-08,2025-06-22,Abrippo,85842.43,Outstanding,,2025,2025Q2,,85842.43,0.0
INV-10114,2025-05,2025-05-03,2025-07-02,Bopendous,87321.86,Paid,2025-07-01,2025,2025Q2,59.0,0.0,87321.86
INV-10115,2025-05,2025-05-05,2025-07-04,Chabnar,204417.25,Paid,2025-07-20,2025,2025Q2,76.0,0.0,204417.25
INV-10116,2025-05,2025-05-01,2025-06-15,Daptis,63975.22,Paid,2025-07-21,2025,2025Q2,81.0,0.0,63975.22
INV-10117,2025-06,2025-06-04,2025-07-04,Abrippo,121537.93,Paid,2025-08-18,2025,2025Q2,75.0,0.0,121537.93
INV-10118,2025-06,2025-06-03,2025-08-02,Bopendous,100648.48,Paid,2025-09-10,2025,2025Q2,99.0,0.0,100648.48
INV-10119,2025-06,2025-06-07,2025-08-06,Chabnar,108870.93,Paid,2025-09-08,2025,2025Q2,93.0,0.0,108870.93
INV-10120,2025-06,2025-06-04,2025-07-19,Daptis,85726.55,Paid,2025-08-11,2025,2025Q2,68.0,0.0,85726.55
INV-10121,2025-07,2025-07-04,2025-09-02,Abrippo,74932.7,Paid,2025-09-04,2025,2025Q3,62.0,0.0,74932.7
INV-10122,2025-07,2025-07-04,2025-09-02,Bopendous,97217.91,Paid,2025-10-11,2025,2025Q3,99.0,0.0,97217.91
INV-10123,2025-07,2025-07-05,2025-08-04,Chabnar,180777.75,Paid,2025-08-29,2025,2025Q3,55.0,0.0,180777.75
INV-10124,2025-07,2025-07-07,2025-08-21,Daptis,84486.82,Paid,2025-09-17,2025,2025Q3,72.0,0.0,84486.82
INV-10125,2025-08,2025-08-06,2025-09-05,Abrippo,111962.24,Paid,2025-09-06,2025,2025Q3,31.0,0.0,111962.24
INV-10126,2025-08,2025-08-07,2025-09-21,Bopendous,90154.82,Paid,2025-11-01,2025,2025Q3,86.0,0.0,90154.82
INV-10127,2025-08,2025-08-05,2025-09-04,Chabnar,177889.41,Paid,2025-09-12,2025,2025Q3,38.0,0.0,177889.41
INV-10128,2025-08,2025-08-05,2025-10-04,Daptis,62054.08,Paid,2025-10-24,2025,2025Q3,80.0,0.0,62054.08
INV-10129,2025-09,2025-09-06,2025-10-06,Abrippo,128975.68,Outstanding,,2025,2025Q3,,128975.68,0.0
INV-10130,2025-09,2025-09-05,2025-11-04,Bopendous,38256.1,Paid,2025-11-27,2025,2025Q3,83.0,0.0,38256.1
INV-10131,2025-09,2025-09-04,2025-10-19,Chabnar,157414.51,Paid,2025-10-16,2025,2025Q3,42.0,0.0,157414.51
INV-10132,2025-09,2025-09-08,2025-11-07,Daptis,68270.97,Outstanding,,2025,2025Q3,,68270.97,0.0
INV-10133,2025-10,2025-10-07,2025-11-06,Abrippo,123962.47,Paid,2025-10-29,2025,2025Q4,22.0,0.0,123962.47
INV-10134,2025-10,2025-10-01,2025-10-31,Bopendous,67533.24,Paid,2025-10-26,2025,2025Q4,25.0,0.0,67533.24
INV-10135,2025-10,2025-10-05,2025-11-04,Chabnar,155305.66,Paid,2025-11-06,2025,2025Q4,32.0,0.0,155305.66
INV-10136,2025-10,2025-10-06,2025-12-05,Daptis,72690.78,Paid,2026-01-10,2025,2025Q4,96.0,0.0,72690.78
INV-10137,2025-11,2025-11-05,2025-12-20,Abrippo,124907.41,Paid,2026-01-06,2025,2025Q4,62.0,0.0,124907.41
INV-10138,2025-11,2025-11-03,2026-01-02,Bopendous,100749.68,Outstanding,,2025,2025Q4,,100749.68,0.0
INV-10139,2025-11,2025-11-05,2025-12-05,Chabnar,219726.28,Paid,2025-12-26,2025,2025Q4,51.0,0.0,219726.28
INV-10140,2025-11,2025-11-03,2025-12-03,Daptis,64027.12,Paid,2025-12-22,2025,2025Q4,49.0,0.0,64027.12
INV-10141,2025-12,2025-12-03,2026-02-01,Abrippo,118854.25,Paid,2026-03-06,2025,2025Q4,93.0,0.0,118854.25
INV-10142,2025-12,2025-12-03,2026-01-02,Bopendous,96674.27,Outstanding,,2025,2025Q4,,96674.27,0.0
INV-10143,2025-12,2025-12-06,2026-02-04,Chabnar,93877.51,Paid,2026-02-07,2025,2025Q4,63.0,0.0,93877.51
INV-10144,2025-12,2025-12-04,2026-01-18,Daptis,48492.78,Paid,2026-01-11,2025,2025Q4,38.0,0.0,48492.78
INV-10145,2026-01,2026-01-07,2026-03-08,Abrippo,64202.63,Paid,2026-03-16,2026,2026Q1,68.0,0.0,64202.63
INV-10146,2026-01,2026-01-06,2026-03-07,Bopendous,95944.51,Outstanding,,2026,2026Q1,,95944.51,0.0
INV-10147,2026-01,2026-01-06,2026-02-05,Chabnar,189400.25,Paid,2026-02-09,2026,2026Q1,34.0,0.0,189400.25
INV-10148,2026-01,2026-01-08,2026-02-07,Daptis,86984.67,Paid,2026-02-09,2026,2026Q1,32.0,0.0,86984.67
INV-10149,2026-02,2026-02-07,2026-04-08,Abrippo,144097.64,Paid,2026-05-09,2026,2026Q1,91.0,0.0,144097.64
INV-10150,2026-02,2026-02-08,2026-03-10,Bopendous,88838.04,Paid,2026-03-27,2026,2026Q1,47.0,0.0,88838.04
INV-10151,2026-02,2026-02-03,2026-04-04,Chabnar,189724.47,Paid,2026-05-18,2026,2026Q1,104.0,0.0,189724.47
INV-10152,2026-02,2026-02-01,2026-03-18,Daptis,77708.58,Outstanding,,2026,2026Q1,,77708.58,0.0
INV-10153,2026-03,2026-03-02,2026-04-01,Abrippo,120995.22,Paid,2026-04-01,2026,2026Q1,30.0,0.0,120995.22
INV-10154,2026-03,2026-03-07,2026-04-21,Bopendous,77539.64,Outstanding,,2026,2026Q1,,77539.64,0.0
INV-10155,2026-03,2026-03-06,2026-04-05,Chabnar,167851.39,Paid,2026-04-02,2026,2026Q1,27.0,0.0,167851.39
INV-10156,2026-03,2026-03-01,2026-04-15,Daptis,55210.53,Paid,2026-04-29,2026,2026Q1,59.0,0.0,55210.53
INV-10157,2026-04,2026-04-01,2026-05-31,Abrippo,147999.27,Paid,2026-07-01,2026,2026Q2,91.0,0.0,147999.27
INV-10158,2026-04,2026-04-03,2026-06-02,Bopendous,107090.23,Outstanding,,2026,2026Q2,,107090.23,0.0
INV-10159,2026-04,2026-04-05,2026-05-20,Chabnar,99911.96,Paid,2026-06-07,2026,2026Q2,63.0,0.0,99911.96
INV-10160,2026-04,2026-04-03,2026-05-03,Daptis,64416.09,Outstanding,,2026,2026Q2,,64416.09,0.0
INV-10161,2026-05,2026-05-04,2026-06-18,Abrippo,127851.8,Paid,2026-07-13,2026,2026Q2,70.0,0.0,127851.8
INV-10162,2026-05,2026-05-01,2026-06-15,Bopendous,89314.83,Paid,2026-06-13,2026,2026Q2,43.0,0.0,89314.83
INV-10163,2026-05,2026-05-03,2026-06-02,Chabnar,171531.26,Paid,2026-07-04,2026,2026Q2,62.0,0.0,171531.26
INV-10164,2026-05,2026-05-07,2026-06-21,Daptis,68542.2,Paid,2026-07-03,2026,2026Q2,57.0,0.0,68542.2
INV-10165,2026-06,2026-06-03,2026-08-02,Abrippo,154847.42,Paid,2026-08-20,2026,2026Q2,78.0,0.0,154847.42
INV-10166,2026-06,2026-06-01,2026-07-01,Bopendous,75769.55,Paid,2026-07-25,2026,2026Q2,54.0,0.0,75769.55
INV-10167,2026-06,2026-06-06,2026-08-05,Chabnar,108811.8,Paid,2026-08-25,2026,2026Q2,80.0,0.0,108811.8
INV-10168,2026-06,2026-06-04,2026-07-19,Daptis,56164.56,Paid,2026-08-28,2026,2026Q2,85.0,0.0,56164.56
INV-10169,2026-07,2026-07-05,2026-08-04,Abrippo,102833.03,Paid,2026-08-07,2026,2026Q3,33.0,0.0,102833.03
INV-10170,2026-07,2026-07-02,2026-08-01,Bopendous,74667.92,Paid,2026-07-31,2026,2026Q3,29.0,0.0,74667.92
INV-10171,2026-07,2026-07-08,2026-08-22,Chabnar,124880.01,Paid,2026-08-14,2026,2026Q3,37.0,0.0,124880.01
INV-10172,2026-07,2026-07-08,2026-09-06,Daptis,84623.27,Outstanding,,2026,2026Q3,,84623.27,0.0
INV-10173,2026-08,2026-08-06,2026-10-05,Abrippo,33870.27,Outstanding,,2026,2026Q3,,33870.27,0.0
INV-10174,2026-08,2026-08-03,2026-09-17,Bopendous,63079.18,Paid,2026-10-16,2026,2026Q3,74.0,0.0,63079.18
INV-10175,2026-08,2026-08-07,2026-10-06,Chabnar,188064.84,Paid,2026-10-26,2026,2026Q3,80.0,0.0,188064.84
INV-10176,2026-08,2026-08-07,2026-09-21,Daptis,41733.81,Paid,2026-10-24,2026,2026Q3,78.0,0.0,41733.81
INV-10177,2026-09,2026-09-08,2026-11-07,Abrippo,111489.62,Paid,2026-12-04,2026,2026Q3,87.0,0.0,111489.62
INV-10178,2026-09,2026-09-02,2026-10-17,Bopendous,82651.8,Paid,2026-10-16,2026,2026Q3,44.0,0.0,82651.8
INV-10179,2026-09,2026-09-06,2026-10-21,Chabnar,129708.19,Paid,2026-11-04,2026,2026Q3,59.0,0.0,129708.19
INV-10180,2026-09,2026-09-08,2026-10-08,Daptis,38659.02,Outstanding,,2026,2026Q3,,38659.02,0.0
INV-10181,2026-10,2026-10-04,2026-11-03,Abrippo,101019.42,Paid,2026-11-10,2026,2026Q4,37.0,0.0,101019.42
INV-10182,2026-10,2026-10-05,2026-11-19,Bopendous,87198.22,Outstanding,,2026,2026Q4,,87198.22,0.0
INV-10183,2026-10,2026-10-05,2026-11-04,Chabnar,165187.3,Paid,2026-10-31,2026,2026Q4,26.0,0.0,165187.3
INV-10184,2026-10,2026-10-03,2026-12-02,Daptis,71440.94,Paid,2026-12-03,2026,2026Q4,61.0,0.0,71440.94
INV-10185,2026-11,2026-11-07,2026-12-07,Abrippo,100256.05,Outstanding,,2026,2026Q4,,100256.05,0.0
INV-10186,2026-11,2026-11-01,2026-12-31,Bopendous,71781.94,Paid,2027-01-27,2026,2026Q4,87.0,0.0,71781.94
INV-10187,2026-11,2026-11-03,2027-01-02,Chabnar,132941.09,Paid,2027-01-11,2026,2026Q4,69.0,0.0,132941.09
INV-10188,2026-11,2026-11-04,2027-01-03,Daptis,58340.13,Paid,2027-01-30,2026,2026Q4,87.0,0.0,58340.13
INV-10189,2026-12,2026-12-05,2027-01-04,Abrippo,89075.41,Paid,2027-01-20,2026,2026Q4,46.0,0.0,89075.41
INV-10190,2026-12,2026-12-07,2027-02-05,Bopendous,57716.18,Paid,2027-02-03,2026,2026Q4,58.0,0.0,57716.18
INV-10191,2026-12,2026-12-04,2027-01-18,Chabnar,167691.39,Paid,2027-02-14,2026,2026Q4,72.0,0.0,167691.39
INV-10192,2026-12,2026-12-08,2027-01-07,Daptis,52501.49,Outstanding,,2026,2026Q4,,52501.49,0.0
INV-10193,2027-01,2027-01-04,2027-03-05,Abrippo,104676.78,Paid,2027-03-24,2027,2027Q1,79.0,0.0,104676.78
INV-10194,2027-01,2027-01-04,2027-02-03,Bopendous,95166.1,Paid,2027-02-07,2027,2027Q1,34.0,0.0,95166.1
INV-10195,2027-01,2027-01-02,2027-03-03,Chabnar,163882.58,Paid,2027-03-23,2027,2027Q1,80.0,0.0,163882.58
INV-10196,2027-01,2027-01-06,2027-02-05,Daptis,42993.22,Paid,2027-01-31,2027,2027Q1,25.0,0.0,42993.22
INV-10197,2027-02,2027-02-08,2027-04-09,Abrippo,113678.61,Paid,2027-04-27,2027,2027Q1,78.0,0.0,113678.61
INV-10198,2027-02,2027-02-03,2027-03-05,Bopendous,54456.6,Paid,2027-02-28,2027,2027Q1,25.0,0.0,54456.6
INV-10199,2027-02,2027-02-08,2027-03-10,Chabnar,115457.19,Paid,2027-03-24,2027,2027Q1,44.0,0.0,115457.19
INV-10200,2027-02,2027-02-05,2027-03-22,Daptis,43388.75,Outstanding,,2027,2027Q1,,43388.75,0.0
INV-10201,2027-03,2027-03-02,2027-04-16,Abrippo,52466.38,Paid,2027-04-25,2027,2027Q1,54.0,0.0,52466.38
INV-10202,2027-03,2027-03-03,2027-04-17,Bopendous,71267.16,Paid,2027-04-22,2027,2027Q1,50.0,0.0,71267.16
INV-10203,2027-03,2027-03-08,2027-05-07,Chabnar,125018.73,Paid,2027-06-10,2027,2027Q1,94.0,0.0,125018.73
INV-10204,2027-03,2027-03-08,2027-04-22,Daptis,53011.33,Outstanding,,2027,2027Q1,,53011.33,0.0
INV-10205,2027-04,2027-04-05,2027-06-04,Abrippo,94302.55,Paid,2027-06-26,2027,2027Q2,82.0,0.0,94302.55
INV-10206,2027-04,2027-04-07,2027-05-22,Bopendous,31466.48,Paid,2027-05-25,2027,2027Q2,48.0,0.0,31466.48
INV-10207,2027-04,2027-04-06,2027-05-06,Chabnar,120959.87,Paid,2027-06-19,2027,2027Q2,74.0,0.0,120959.87
INV-10208,2027-04,2027-04-08,2027-05-23,Daptis,50929.24,Paid,2027-05-30,2027,2027Q2,52.0,0.0,50929.24
INV-10209,2027-05,2027-05-08,2027-06-22,Abrippo,59189.04,Paid,2027-06-27,2027,2027Q2,50.0,0.0,59189.04
INV-10210,2027-05,2027-05-02,2027-06-01,Bopendous,64344.67,Paid,2027-05-28,2027,2027Q2,26.0,0.0,64344.67
INV-10211,2027-05,2027-05-06,2027-06-20,Chabnar,138085.25,Paid,2027-07-29,2027,2027Q2,84.0,0.0,138085.25
INV-10212,2027-05,2027-05-04,2027-06-03,Daptis,38121.04,Paid,2027-06-04,2027,2027Q2,31.0,0.0,38121.04
INV-10213,2027-06,2027-06-02,2027-07-02,Abrippo,115884.75,Paid,2027-08-14,2027,2027Q2,73.0,0.0,115884.75
INV-10214,2027-06,2027-06-03,2027-07-03,Bopendous,54029.22,Paid,2027-08-03,2027,2027Q2,61.0,0.0,54029.22
INV-10215,2027-06,2027-06-05,2027-07-05,Chabnar,164021.43,Paid,2027-07-16,2027,2027Q2,41.0,0.0,164021.43
INV-10216,2027-06,2027-06-04,2027-08-03,Daptis,50047.93,Paid,2027-09-10,2027,2027Q2,98.0,0.0,50047.93
INV-10217,2027-07,2027-07-06,2027-08-20,Abrippo,61571.96,Paid,2027-09-13,2027,2027Q3,69.0,0.0,61571.96
INV-10218,2027-07,2027-07-03,2027-09-01,Bopendous,63068.16,Paid,2027-08-24,2027,2027Q3,52.0,0.0,63068.16
INV-10219,2027-07,2027-07-05,2027-08-04,Chabnar,116670.92,Paid,2027-09-07,2027,2027Q3,64.0,0.0,116670.92
INV-10220,2027-07,2027-07-05,2027-09-03,Daptis,56574.84,Paid,2027-09-11,2027,2027Q3,68.0,0.0,56574.84
INV-10221,2027-08,2027-08-02,2027-09-01,Abrippo,118163.44,Outstanding,,2027,2027Q3,,118163.44,0.0
INV-10222,2027-08,2027-08-08,2027-09-07,Bopendous,72792.93,Paid,2027-09-19,2027,2027Q3,42.0,0.0,72792.93
INV-10223,2027-08,2027-08-03,2027-09-17,Chabnar,137996.94,Paid,2027-09-17,2027,2027Q3,45.0,0.0,137996.94
INV-10224,2027-08,2027-08-08,2027-09-22,Daptis,35171.51,Outstanding,,2027,2027Q3,,35171.51,0.0
INV-10225,2027-09,2027-09-08,2027-10-08,Abrippo,68662.78,Paid,2027-10-25,2027,2027Q3,47.0,0.0,68662.78
INV-10226,2027-09,2027-09-07,2027-10-22,Bopendous,71698.35,Paid,2027-10-14,2027,2027Q3,37.0,0.0,71698.35
INV-10227,2027-09,2027-09-08,2027-11-07,Chabnar,96937.26,Paid,2027-11-07,2027,2027Q3,60.0,0.0,96937.26
INV-10228,2027-09,2027-09-05,2027-10-20,Daptis,54560.58,Paid,2027-11-03,2027,2027Q3,59.0,0.0,54560.58
INV-10229,2027-10,2027-10-08,2027-11-07,Abrippo,94535.63,Paid,2027-11-11,2027,2027Q4,34.0,0.0,94535.63
INV-10230,2027-10,2027-10-03,2027-12-02,Bopendous,62005.11,Paid,2028-01-06,2027,2027Q4,95.0,0.0,62005.11
INV-10231,2027-10,2027-10-06,2027-11-05,Chabnar,105876.79,Paid,2027-11-30,2027,2027Q4,55.0,0.0,105876.79
INV-10232,2027-10,2027-10-03,2027-11-02,Daptis,44621.2,Paid,2027-12-14,2027,2027Q4,72.0,0.0,44621.2
INV-10233,2027-11,2027-11-01,2027-12-01,Abrippo,80224.39,Paid,2027-12-30,2027,2027Q4,59.0,0.0,80224.39
INV-10234,2027-11,2027-11-08,2027-12-23,Bopendous,68234.12,Paid,2028-02-03,2027,2027Q4,87.0,0.0,68234.12
INV-10235,2027-11,2027-11-04,2027-12-19,Chabnar,90934.43,Outstanding,,2027,2027Q4,,90934.43,0.0
INV-10236,2027-11,2027-11-04,2027-12-04,Daptis,70001.73,Paid,2027-12-09,2027,2027Q4,35.0,0.0,70001.73
INV-10237,2027-12,2027-12-02,2028-01-01,Abrippo,72244.68,Paid,2028-01-22,2027,2027Q4,51.0,0.0,72244.68
INV-10238,2027-12,2027-12-07,2028-01-21,Bopendous,63270.7,Paid,2028-02-05,2027,2027Q4,60.0,0.0,63270.7
INV-10239,2027-12,2027-12-06,2028-01-05,Chabnar,114503.32,Paid,2028-01-07,2027,2027Q4,32.0,0.0,114503.32
INV-10240,2027-12,2027-12-06,2028-02-04,Daptis,37487.88,Paid,2028-03-13,2027,2027Q4,98.0,0.0,37487.88
INV-10241,2028-01,2028-01-05,2028-03-05,Abrippo,77304.32,Paid,2028-04-19,2028,2028Q1,105.0,0.0,77304.32
INV-10242,2028-01,2028-01-04,2028-02-18,Bopendous,71422.17,Paid,2028-03-20,2028,2028Q1,76.0,0.0,71422.17
INV-10243,2028-01,2028-01-02,2028-02-16,Chabnar,53568.66,Paid,2028-03-30,2028,2028Q1,88.0,0.0,53568.66
INV-10244,2028-01,2028-01-05,2028-03-05,Daptis,32305.48,Outstanding,,2028,2028Q1,,32305.48,0.0
INV-10245,2028-02,2028-02-02,2028-04-02,Abrippo,55259.95,Paid,2028-04-12,2028,2028Q1,70.0,0.0,55259.95
INV-10246,2028-02,2028-02-05,2028-04-05,Bopendous,8546.42,Paid,2028-04-26,2028,2028Q1,81.0,0.0,8546.42
INV-10247,2028-02,2028-02-08,2028-03-24,Chabnar,76508.03,Paid,2028-03-27,2028,2028Q1,48.0,0.0,76508.03
INV-10248,2028-02,2028-02-06,2028-03-07,Daptis,25044.5,Outstanding,,2028,2028Q1,,25044.5,0.0
INV-10249,2028-03,2028-03-06,2028-04-05,Abrippo,61089.11,Paid,2028-04-19,2028,2028Q1,44.0,0.0,61089.11
INV-10250,2028-03,2028-03-06,2028-04-05,Bopendous,30661.65,Paid,2028-04-14,2028,2028Q1,39.0,0.0,30661.65
INV-10251,2028-03,2028-03-03,2028-04-17,Chabnar,69442.75,Paid,2028-04-28,2028,2028Q1,56.0,0.0,69442.75
INV-10252,2028-03,2028-03-02,2028-04-01,Daptis,33863.29,Paid,2028-03-29,2028,2028Q1,27.0,0.0,33863.29
INV-10253,2028-04,2028-04-01,2028-05-31,Abrippo,61327.67,Paid,2028-06-02,2028,2028Q2,62.0,0.0,61327.67
INV-10254,2028-04,2028-04-01,2028-05-01,Bopendous,50354.72,Paid,2028-05-21,2028,2028Q2,50.0,0.0,50354.72
INV-10255,2028-04,2028-04-06,2028-05-06,Chabnar,48816.41,Paid,2028-06-08,2028,2028Q2,63.0,0.0,48816.41
INV-10256,2028-04,2028-04-03,2028-06-02,Daptis,29216.82,Paid,2028-06-08,2028,2028Q2,66.0,0.0,29216.82
INV-10257,2028-05,2028-05-06,2028-07-05,Abrippo,32623.05,Paid,2028-07-16,2028,2028Q2,71.0,0.0,32623.05
INV-10258,2028-05,2028-05-06,2028-06-20,Bopendous,38165.7,Paid,2028-07-10,2028,2028Q2,65.0,0.0,38165.7
INV-10259,2028-05,2028-05-08,2028-06-22,Chabnar,39769.78,Outstanding,,2028,2028Q2,,39769.78,0.0
INV-10260,2028-05,2028-05-07,2028-07-06,Daptis,21336.48,Paid,2028-08-02,2028,2028Q2,87.0,0.0,21336.48
INV-10261,2028-06,2028-06-06,2028-08-05,Abrippo,40274.3,Paid,2028-09-07,2028,2028Q2,93.0,0.0,40274.3
INV-10262,2028-06,2028-06-08,2028-07-23,Bopendous,26429.27,Paid,2028-07-30,2028,2028Q2,52.0,0.0,26429.27
INV-10263,2028-06,2028-06-03,2028-07-03,Chabnar,36539.0,Outstanding,,2028,2028Q2,,36539.0,0.0
INV-10264,2028-06,2028-06-06,2028-08-05,Daptis,17852.51,Paid,2028-08-31,2028,2028Q2,86.0,0.0,17852.51
INV-10265,2028-07,2028-07-08,2028-08-07,Abrippo,25996.58,Outstanding,,2028,2028Q3,,25996.58,0.0
INV-10266,2028-07,2028-07-03,2028-09-01,Bopendous,20442.04,Paid,2028-08-27,2028,2028Q3,55.0,0.0,20442.04
INV-10267,2028-07,2028-07-02,2028-08-01,Chabnar,30743.79,Paid,2028-08-27,2028,2028Q3,56.0,0.0,30743.79
INV-10268,2028-07,2028-07-03,2028-08-02,Daptis,19810.76,Outstanding,,2028,2028Q3,,19810.76,0.0
INV-10269,2028-08,2028-08-08,2028-10-07,Abrippo,25508.56,Paid,2028-10-06,2028,2028Q3,59.0,0.0,25508.56
INV-10270,2028-08,2028-08-06,2028-09-20,Bopendous,18567.03,Paid,2028-09-24,2028,2028Q3,49.0,0.0,18567.03
INV-10271,2028-08,2028-08-04,2028-09-18,Chabnar,32891.98,Paid,2028-10-30,2028,2028Q3,87.0,0.0,32891.98
INV-10272,2028-08,2028-08-03,2028-10-02,Daptis,16653.71,Paid,2028-10-22,2028,2028Q3,80.0,0.0,16653.71
INV-10273,2028-09,2028-09-03,2028-10-18,Abrippo,13852.04,Paid,2028-11-16,2028,2028Q3,74.0,0.0,13852.04
INV-10274,2028-09,2028-09-07,2028-10-07,Bopendous,16101.02,Paid,2028-11-12,2028,2028Q3,66.0,0.0,16101.02
INV-10275,2028-09,2028-09-06,2028-10-06,Chabnar,27804.51,Paid,2028-10-12,2028,2028Q3,36.0,0.0,27804.51
INV-10276,2028-09,2028-09-02,2028-11-01,Daptis,13269.48,Paid,2028-12-04,2028,2028Q3,93.0,0.0,13269.48
INV-10277,2028-10,2028-10-08,2028-11-07,Abrippo,16207.85,Outstanding,,2028,2028Q4,,16207.85,0.0
INV-10278,2028-10,2028-10-06,2028-12-05,Bopendous,17163.11,Paid,2028-11-27,2028,2028Q4,52.0,0.0,17163.11
INV-10279,2028-10,2028-10-06,2028-12-05,Chabnar,21105.34,Paid,2029-01-10,2028,2028Q4,96.0,0.0,21105.34
INV-10280,2028-10,2028-10-08,2028-11-22,Daptis,11607.82,Outstanding,,2028,2028Q4,,11607.82,0.0
INV-10281,2028-11,2028-11-01,2028-12-31,Abrippo,15427.53,Paid,2029-01-17,2028,2028Q4,77.0,0.0,15427.53
INV-10282,2028-11,2028-11-05,2028-12-05,Bopendous,18527.84,Outstanding,,2028,2028Q4,,18527.84,0.0
INV-10283,2028-11,2028-11-06,2029-01-05,Chabnar,18508.36,Paid,2029-01-28,2028,2028Q4,83.0,0.0,18508.36
INV-10284,2028-11,2028-11-07,2028-12-22,Daptis,9692.8,Paid,2029-01-19,2028,2028Q4,73.0,0.0,9692.8
INV-10285,2028-12,2028-12-02,2029-01-01,Abrippo,21127.81,Paid,2028-12-27,2028,2028Q4,25.0,0.0,21127.81
INV-10286,2028-12,2028-12-01,2028-12-31,Bopendous,15083.26,Paid,2029-02-08,2028,2028Q4,69.0,0.0,15083.26
INV-10287,2028-12,2028-12-08,2029-01-22,Chabnar,25294.57,Paid,2029-02-15,2028,2028Q4,69.0,0.0,25294.57
INV-10288,2028-12,2028-12-04,2029-01-03,Daptis,12525.5,Paid,2028-12-29,2028,2028Q4,25.0,0.0,12525.5
